"No.","Time","Source","Destination","Protocol","Type/Subtype","Length","Time delta from previous displayed frame","Info","Time shift for this packet"
"1599","7.156014","Cisco_ac:81:e8","XiaomiCo_b8:b6:e6","802.11","QoS Data","178","0.000000000","QoS Data, SN=1666, FN=0, Flags=.p....F.C","0.000000000"
"1636","7.255207","Cisco_ac:81:e8","XiaomiCo_b8:b6:e6","802.11","QoS Data","154","0.099193000","QoS Data, SN=1667, FN=0, Flags=.p....F.C","0.000000000"
"1645","7.279561","Cisco_ac:81:e8","XiaomiCo_b8:b6:e6","802.11","QoS Data","185","0.024354000","QoS Data, SN=1668, FN=0, Flags=.p....F.C","0.000000000"
"1649","7.295409","Cisco_ac:81:e8","XiaomiCo_b8:b6:e6","802.11","QoS Data","154","0.015848000","QoS Data, SN=1669, FN=0, Flags=.p....F.C","0.000000000"
"1734","7.585510","Cisco_ac:81:e8","XiaomiCo_b8:b6:e6","802.11","QoS Data","438","0.290101000","QoS Data, SN=1670, FN=0, Flags=.p....F.C","0.000000000"
"1776","7.665921","Cisco_ac:81:e8","XiaomiCo_b8:b6:e6","802.11","QoS Data","162","0.080411000","QoS Data, SN=1671, FN=0, Flags=.p....F.C","0.000000000"
"1787","7.736976","Cisco_ac:81:e8","XiaomiCo_b8:b6:e6","802.11","QoS Data","154","0.071055000","QoS Data, SN=1672, FN=0, Flags=.p....F.C","0.000000000"
"1840","7.825965","Cisco_ac:81:e8","XiaomiCo_b8:b6:e6","802.11","QoS Data","154","0.088989000","QoS Data, SN=1676, FN=0, Flags=.p....F.C","0.000000000"
"1844","7.830486","Cisco_ac:81:e8","XiaomiCo_b8:b6:e6","802.11","QoS Data","154","0.004521000","QoS Data, SN=1677, FN=0, Flags=.p....F.C","0.000000000"
"1846","7.830659","Cisco_ac:81:e8","XiaomiCo_b8:b6:e6","802.11","QoS Data","154","0.000173000","QoS Data, SN=1678, FN=0, Flags=.p....F.C","0.000000000"
"1848","7.830803","Cisco_ac:81:e8","XiaomiCo_b8:b6:e6","802.11","QoS Data","154","0.000144000","QoS Data, SN=1679, FN=0, Flags=.p....F.C","0.000000000"
"1863","7.882287","Cisco_ac:81:e8","XiaomiCo_b8:b6:e6","802.11","QoS Data","154","0.051484000","QoS Data, SN=1680, FN=0, Flags=.p....F.C","0.000000000"
"1890","7.902816","Cisco_ac:81:e8","XiaomiCo_b8:b6:e6","802.11","QoS Data","1369","0.020529000","QoS Data, SN=1681, FN=0, Flags=.p....F.C","0.000000000"
"1892","7.902990","Cisco_ac:81:e8","XiaomiCo_b8:b6:e6","802.11","QoS Data","181","0.000174000","QoS Data, SN=1682, FN=0, Flags=.p....F.C","0.000000000"
"2009","8.312720","Cisco_ac:81:e8","XiaomiCo_b8:b6:e6","802.11","QoS Data","154","0.409730000","QoS Data, SN=1683, FN=0, Flags=.pm...F.C","0.000000000"
"2011","8.313138","Cisco_ac:81:e8","XiaomiCo_b8:b6:e6","802.11","QoS Data","154","0.000418000","QoS Data, SN=1684, FN=0, Flags=.pm...F.C","0.000000000"
"2013","8.313313","Cisco_ac:81:e8","XiaomiCo_b8:b6:e6","802.11","QoS Data","150","0.000175000","QoS Data, SN=1685, FN=0, Flags=.pm...F.C","0.000000000"
"2014","8.313448","Cisco_ac:81:e8","XiaomiCo_b8:b6:e6","802.11","QoS Data","150","0.000135000","QoS Data, SN=1686, FN=0, Flags=.pm...F.C","0.000000000"
"2015","8.313543","Cisco_ac:81:e8","XiaomiCo_b8:b6:e6","802.11","QoS Data","154","0.000095000","QoS Data, SN=1687, FN=0, Flags=.p....F.C","0.000000000"
"2059","8.363626","Cisco_ac:81:e8","XiaomiCo_b8:b6:e6","802.11","QoS Data","154","0.050083000","QoS Data, SN=1688, FN=0, Flags=.p....F.C","0.000000000"
"2061","8.364303","Cisco_ac:81:e8","XiaomiCo_b8:b6:e6","802.11","QoS Data","154","0.000677000","QoS Data, SN=1689, FN=0, Flags=.p....F.C","0.000000000"
"2063","8.364468","Cisco_ac:81:e8","XiaomiCo_b8:b6:e6","802.11","QoS Data","154","0.000165000","QoS Data, SN=1690, FN=0, Flags=.p....F.C","0.000000000"
"2065","8.364654","Cisco_ac:81:e8","XiaomiCo_b8:b6:e6","802.11","QoS Data","154","0.000186000","QoS Data, SN=1691, FN=0, Flags=.p....F.C","0.000000000"
"2067","8.364797","Cisco_ac:81:e8","XiaomiCo_b8:b6:e6","802.11","QoS Data","150","0.000143000","QoS Data, SN=1692, FN=0, Flags=.p....F.C","0.000000000"
"2068","8.364898","Cisco_ac:81:e8","XiaomiCo_b8:b6:e6","802.11","QoS Data","154","0.000101000","QoS Data, SN=1693, FN=0, Flags=.p....F.C","0.000000000"
"2070","8.365079","Cisco_ac:81:e8","XiaomiCo_b8:b6:e6","802.11","QoS Data","154","0.000181000","QoS Data, SN=1694, FN=0, Flags=.p....F.C","0.000000000"
"2072","8.365419","Cisco_ac:81:e8","XiaomiCo_b8:b6:e6","802.11","QoS Data","154","0.000340000","QoS Data, SN=1695, FN=0, Flags=.p....F.C","0.000000000"
"2074","8.365898","Cisco_ac:81:e8","XiaomiCo_b8:b6:e6","802.11","QoS Data","154","0.000479000","QoS Data, SN=1696, FN=0, Flags=.p....F.C","0.000000000"
"2076","8.366055","Cisco_ac:81:e8","XiaomiCo_b8:b6:e6","802.11","QoS Data","162","0.000157000","QoS Data, SN=1697, FN=0, Flags=.p....F.C","0.000000000"
"2077","8.366144","Cisco_ac:81:e8","XiaomiCo_b8:b6:e6","802.11","QoS Data","162","0.000089000","QoS Data, SN=1698, FN=0, Flags=.p....F.C","0.000000000"
"2078","8.366226","Cisco_ac:81:e8","XiaomiCo_b8:b6:e6","802.11","QoS Data","154","0.000082000","QoS Data, SN=1699, FN=0, Flags=.p....F.C","0.000000000"
"2080","8.366358","Cisco_ac:81:e8","XiaomiCo_b8:b6:e6","802.11","QoS Data","154","0.000132000","QoS Data, SN=1700, FN=0, Flags=.p....F.C","0.000000000"
"2089","8.373364","Cisco_ac:81:e8","XiaomiCo_b8:b6:e6","802.11","QoS Data","154","0.007006000","QoS Data, SN=1701, FN=0, Flags=.p....F.C","0.000000000"
"2093","8.373710","Cisco_ac:81:e8","XiaomiCo_b8:b6:e6","802.11","QoS Data","154","0.000346000","QoS Data, SN=1702, FN=0, Flags=.p....F.C","0.000000000"
"2095","8.373907","Cisco_ac:81:e8","XiaomiCo_b8:b6:e6","802.11","QoS Data","150","0.000197000","QoS Data, SN=1703, FN=0, Flags=.p....F.C","0.000000000"
"2096","8.373960","Cisco_ac:81:e8","XiaomiCo_b8:b6:e6","802.11","QoS Data","150","0.000053000","QoS Data, SN=1704, FN=0, Flags=.p....F.C","0.000000000"
"2097","8.374012","Cisco_ac:81:e8","XiaomiCo_b8:b6:e6","802.11","QoS Data","150","0.000052000","QoS Data, SN=1705, FN=0, Flags=.p....F.C","0.000000000"
"2098","8.374065","Cisco_ac:81:e8","XiaomiCo_b8:b6:e6","802.11","QoS Data","150","0.000053000","QoS Data, SN=1706, FN=0, Flags=.p....F.C","0.000000000"
"2099","8.374117","Cisco_ac:81:e8","XiaomiCo_b8:b6:e6","802.11","QoS Data","154","0.000052000","QoS Data, SN=1707, FN=0, Flags=.p....F.C","0.000000000"
"2109","8.418184","Cisco_ac:81:e8","XiaomiCo_b8:b6:e6","802.11","QoS Data","154","0.044067000","QoS Data, SN=1708, FN=0, Flags=.p....F.C","0.000000000"
"2111","8.418357","Cisco_ac:81:e8","XiaomiCo_b8:b6:e6","802.11","QoS Data","154","0.000173000","QoS Data, SN=1709, FN=0, Flags=.p....F.C","0.000000000"
"2113","8.419618","Cisco_ac:81:e8","XiaomiCo_b8:b6:e6","802.11","QoS Data","154","0.001261000","QoS Data, SN=1710, FN=0, Flags=.p....F.C","0.000000000"
"2115","8.419790","Cisco_ac:81:e8","XiaomiCo_b8:b6:e6","802.11","QoS Data","154","0.000172000","QoS Data, SN=1711, FN=0, Flags=.p....F.C","0.000000000"
"2117","8.419973","Cisco_ac:81:e8","XiaomiCo_b8:b6:e6","802.11","QoS Data","150","0.000183000","QoS Data, SN=1712, FN=0, Flags=.p....F.C","0.000000000"
"2118","8.420066","Cisco_ac:81:e8","XiaomiCo_b8:b6:e6","802.11","QoS Data","154","0.000093000","QoS Data, SN=1713, FN=0, Flags=.p....F.C","0.000000000"
"2120","8.420291","Cisco_ac:81:e8","XiaomiCo_b8:b6:e6","802.11","QoS Data","154","0.000225000","QoS Data, SN=1714, FN=0, Flags=.p....F.C","0.000000000"
"2122","8.420538","Cisco_ac:81:e8","XiaomiCo_b8:b6:e6","802.11","QoS Data","154","0.000247000","QoS Data, SN=1715, FN=0, Flags=.p....F.C","0.000000000"
"2124","8.420688","Cisco_ac:81:e8","XiaomiCo_b8:b6:e6","802.11","QoS Data","154","0.000150000","QoS Data, SN=1716, FN=0, Flags=.p....F.C","0.000000000"
"2126","8.421303","Cisco_ac:81:e8","XiaomiCo_b8:b6:e6","802.11","QoS Data","154","0.000615000","QoS Data, SN=1717, FN=0, Flags=.p....F.C","0.000000000"
"2128","8.421461","Cisco_ac:81:e8","XiaomiCo_b8:b6:e6","802.11","QoS Data","154","0.000158000","QoS Data, SN=1718, FN=0, Flags=.p....F.C","0.000000000"
"2130","8.421629","Cisco_ac:81:e8","XiaomiCo_b8:b6:e6","802.11","QoS Data","154","0.000168000","QoS Data, SN=1719, FN=0, Flags=.p....F.C","0.000000000"
"2132","8.422732","Cisco_ac:81:e8","XiaomiCo_b8:b6:e6","802.11","QoS Data","154","0.001103000","QoS Data, SN=1720, FN=0, Flags=.p....F.C","0.000000000"
"2134","8.422890","Cisco_ac:81:e8","XiaomiCo_b8:b6:e6","802.11","QoS Data","154","0.000158000","QoS Data, SN=1721, FN=0, Flags=.p....F.C","0.000000000"
"2136","8.423059","Cisco_ac:81:e8","XiaomiCo_b8:b6:e6","802.11","QoS Data","150","0.000169000","QoS Data, SN=1722, FN=0, Flags=.p....F.C","0.000000000"
"2137","8.423147","Cisco_ac:81:e8","XiaomiCo_b8:b6:e6","802.11","QoS Data","154","0.000088000","QoS Data, SN=1723, FN=0, Flags=.p....F.C","0.000000000"
"2220","8.793169","Cisco_ac:81:e8","XiaomiCo_b8:b6:e6","802.11","QoS Data","855","0.370022000","QoS Data, SN=1724, FN=0, Flags=.pm...F.C","0.000000000"
"2222","8.793532","Cisco_ac:81:e8","XiaomiCo_b8:b6:e6","802.11","QoS Data","181","0.000363000","QoS Data, SN=1725, FN=0, Flags=.p....F.C","0.000000000"
"2297","9.018424","Cisco_ac:81:e8","XiaomiCo_b8:b6:e6","802.11","QoS Data","154","0.224892000","QoS Data, SN=1726, FN=0, Flags=.pm...F.C","0.000000000"
"2299","9.018597","Cisco_ac:81:e8","XiaomiCo_b8:b6:e6","802.11","QoS Data","154","0.000173000","QoS Data, SN=1727, FN=0, Flags=.pm...F.C","0.000000000"
"2301","9.018780","Cisco_ac:81:e8","XiaomiCo_b8:b6:e6","802.11","QoS Data","166","0.000183000","QoS Data, SN=1728, FN=0, Flags=.p....F.C","0.000000000"
"2340","9.202722","Cisco_ac:81:e8","XiaomiCo_b8:b6:e6","802.11","QoS Data","174","0.183942000","QoS Data, SN=1729, FN=0, Flags=.p....F.C","0.000000000"
"2411","9.510176","Cisco_ac:81:e8","XiaomiCo_b8:b6:e6","802.11","QoS Data","154","0.307454000","QoS Data, SN=1730, FN=0, Flags=.pm...F.C","0.000000000"
"2413","9.510334","Cisco_ac:81:e8","XiaomiCo_b8:b6:e6","802.11","QoS Data","796","0.000158000","QoS Data, SN=1731, FN=0, Flags=.pm...F.C","0.000000000"
"2415","9.510505","Cisco_ac:81:e8","XiaomiCo_b8:b6:e6","802.11","QoS Data","177","0.000171000","QoS Data, SN=1732, FN=0, Flags=.pm...F.C","0.000000000"
"2416","9.510596","Cisco_ac:81:e8","XiaomiCo_b8:b6:e6","802.11","QoS Data","181","0.000091000","QoS Data, SN=1733, FN=0, Flags=.p....F.C","0.000000000"
"2451","9.714504","Cisco_ac:81:e8","XiaomiCo_b8:b6:e6","802.11","QoS Data","162","0.203908000","QoS Data, SN=1734, FN=0, Flags=.p....F.C","0.000000000"
"2463","9.778869","Cisco_ac:81:e8","XiaomiCo_b8:b6:e6","802.11","QoS Data","154","0.064365000","QoS Data, SN=1735, FN=0, Flags=.p....F.C","0.000000000"
"2466","9.794811","Cisco_ac:81:e8","XiaomiCo_b8:b6:e6","802.11","QoS Data","1528","0.015942000","QoS Data, SN=1736, FN=0, Flags=.p....F.C","0.000000000"
"2468","9.795362","Cisco_ac:81:e8","XiaomiCo_b8:b6:e6","802.11","QoS Data","1528","0.000551000","QoS Data, SN=1737, FN=0, Flags=.p....F.C","0.000000000"
"2470","9.795521","Cisco_ac:81:e8","XiaomiCo_b8:b6:e6","802.11","QoS Data","464","0.000159000","QoS Data, SN=1738, FN=0, Flags=.p....F.C","0.000000000"
"2485","9.879832","Cisco_ac:81:e8","XiaomiCo_b8:b6:e6","802.11","QoS Data","154","0.084311000","QoS Data, SN=1739, FN=0, Flags=.p....F.C","0.000000000"
"2490","9.884826","Cisco_ac:81:e8","XiaomiCo_b8:b6:e6","802.11","QoS Data","154","0.004994000","QoS Data, SN=1740, FN=0, Flags=.p....F.C","0.000000000"
"2501","9.945787","Cisco_ac:81:e8","XiaomiCo_b8:b6:e6","802.11","QoS Data","154","0.060961000","QoS Data, SN=1741, FN=0, Flags=.p....F.C","0.000000000"
"2505","9.961496","Cisco_ac:81:e8","XiaomiCo_b8:b6:e6","802.11","QoS Data","1270","0.015709000","QoS Data, SN=1742, FN=0, Flags=.p..R.F.C","0.000000000"
"2507","9.961703","Cisco_ac:81:e8","XiaomiCo_b8:b6:e6","802.11","QoS Data","181","0.000207000","QoS Data, SN=1743, FN=0, Flags=.p....F.C","0.000000000"
"2528","10.107147","Cisco_ac:81:e8","XiaomiCo_b8:b6:e6","802.11","QoS Data","154","0.145444000","QoS Data, SN=1744, FN=0, Flags=.p....F.C","0.000000000"
"2530","10.112324","Cisco_ac:81:e8","XiaomiCo_b8:b6:e6","802.11","QoS Data","154","0.005177000","QoS Data, SN=1745, FN=0, Flags=.p....F.C","0.000000000"
"2535","10.130640","Cisco_ac:81:e8","XiaomiCo_b8:b6:e6","802.11","QoS Data","817","0.018316000","QoS Data, SN=1746, FN=0, Flags=.p....F.C","0.000000000"
"2537","10.130817","Cisco_ac:81:e8","XiaomiCo_b8:b6:e6","802.11","QoS Data","181","0.000177000","QoS Data, SN=1747, FN=0, Flags=.p....F.C","0.000000000"
"2619","10.841256","Cisco_ac:81:e8","XiaomiCo_b8:b6:e6","802.11","QoS Data","162","0.710439000","QoS Data, SN=1748, FN=0, Flags=.pm...F.C","0.000000000"
"2620","10.841408","Cisco_ac:81:e8","XiaomiCo_b8:b6:e6","802.11","QoS Data","162","0.000152000","QoS Data, SN=1749, FN=0, Flags=.p....F.C","0.000000000"
"2636","10.907456","Cisco_ac:81:e8","XiaomiCo_b8:b6:e6","802.11","QoS Data","154","0.066048000","QoS Data, SN=1750, FN=0, Flags=.p....F.C","0.000000000"
"2639","10.924616","Cisco_ac:81:e8","XiaomiCo_b8:b6:e6","802.11","QoS Data","1528","0.017160000","QoS Data, SN=1751, FN=0, Flags=.p....F.C","0.000000000"
"2641","10.924891","Cisco_ac:81:e8","XiaomiCo_b8:b6:e6","802.11","QoS Data","1528","0.000275000","QoS Data, SN=1752, FN=0, Flags=.p....F.C","0.000000000"
"2643","10.925244","Cisco_ac:81:e8","XiaomiCo_b8:b6:e6","802.11","QoS Data","463","0.000353000","QoS Data, SN=1753, FN=0, Flags=.p....F.C","0.000000000"
"2664","11.008419","Cisco_ac:81:e8","XiaomiCo_b8:b6:e6","802.11","QoS Data","154","0.083175000","QoS Data, SN=1754, FN=0, Flags=.p....F.C","0.000000000"
"2668","11.014103","Cisco_ac:81:e8","XiaomiCo_b8:b6:e6","802.11","QoS Data","154","0.005684000","QoS Data, SN=1755, FN=0, Flags=.p....F.C","0.000000000"
"2681","11.063437","Cisco_ac:81:e8","XiaomiCo_b8:b6:e6","802.11","QoS Data","154","0.049334000","QoS Data, SN=1756, FN=0, Flags=.p....F.C","0.000000000"
"2683","11.079442","Cisco_ac:81:e8","XiaomiCo_b8:b6:e6","802.11","QoS Data","1411","0.016005000","QoS Data, SN=1757, FN=0, Flags=.p....F.C","0.000000000"
"2685","11.079600","Cisco_ac:81:e8","XiaomiCo_b8:b6:e6","802.11","QoS Data","181","0.000158000","QoS Data, SN=1758, FN=0, Flags=.p....F.C","0.000000000"
"4861","23.231608","Cisco_ac:81:e8","XiaomiCo_b8:b6:e6","802.11","QoS Data","185","12.152008000","QoS Data, SN=1759, FN=0, Flags=.pm...F.C","0.000000000"
"4863","23.232130","Cisco_ac:81:e8","XiaomiCo_b8:b6:e6","802.11","QoS Data","154","0.000522000","QoS Data, SN=1760, FN=0, Flags=.p....F.C","0.000000000"
"7593","37.772966","Cisco_ac:81:e8","XiaomiCo_b8:b6:e6","802.11","QoS Data","154","14.540836000","QoS Data, SN=1761, FN=0, Flags=.p....F.C","0.000000000"
"7596","37.773187","Cisco_ac:81:e8","XiaomiCo_b8:b6:e6","802.11","QoS Data","154","0.000221000","QoS Data, SN=1761, FN=0, Flags=.p..R.F.C","0.000000000"
"7600","37.773473","Cisco_ac:81:e8","XiaomiCo_b8:b6:e6","802.11","QoS Data","154","0.000286000","QoS Data, SN=1761, FN=0, Flags=.p..R.F.C","0.000000000"
"7604","37.774578","Cisco_ac:81:e8","XiaomiCo_b8:b6:e6","802.11","QoS Data","154","0.001105000","QoS Data, SN=1761, FN=0, Flags=.p..R.F.C","0.000000000"
"7610","37.799196","Cisco_ac:81:e8","XiaomiCo_b8:b6:e6","802.11","QoS Data","185","0.024618000","QoS Data, SN=1762, FN=0, Flags=.p....F.C","0.000000000"
"10032","50.060424","Cisco_ac:81:e8","XiaomiCo_b8:b6:e6","802.11","QoS Data","166","12.261228000","QoS Data, SN=1763, FN=0, Flags=.p....F.C","0.000000000"
"12946","56.882672","Cisco_ac:81:e8","XiaomiCo_b8:b6:e6","802.11","QoS Data","148","6.822248000","QoS Data, SN=1764, FN=0, Flags=.p....F.C","0.000000000"
"12949","56.882933","Cisco_ac:81:e8","XiaomiCo_b8:b6:e6","802.11","QoS Data","148","0.000261000","QoS Data, SN=1764, FN=0, Flags=.p..R.F.C","0.000000000"
"12952","56.883550","Cisco_ac:81:e8","XiaomiCo_b8:b6:e6","802.11","QoS Data","148","0.000617000","QoS Data, SN=1764, FN=0, Flags=.p..R.F.C","0.000000000"
"14846","57.680702","Cisco_ac:81:e8","XiaomiCo_b8:b6:e6","802.11","QoS Data","165","0.797152000","QoS Data, SN=1765, FN=0, Flags=.p....F.C","0.000000000"
"14849","57.680926","Cisco_ac:81:e8","XiaomiCo_b8:b6:e6","802.11","QoS Data","165","0.000224000","QoS Data, SN=1765, FN=0, Flags=.p..R.F.C","0.000000000"
"21172","59.399058","Cisco_ac:81:e8","XiaomiCo_b8:b6:e6","802.11","QoS Data","150","1.718132000","QoS Data, SN=1766, FN=0, Flags=.p....F.C","0.000000000"
"21173","59.399110","Cisco_ac:81:e8","XiaomiCo_b8:b6:e6","802.11","QoS Data","150","0.000052000","QoS Data, SN=1767, FN=0, Flags=.p....F.C","0.000000000"
"21174","59.399161","Cisco_ac:81:e8","XiaomiCo_b8:b6:e6","802.11","QoS Data","154","0.000051000","QoS Data, SN=1768, FN=0, Flags=.p....F.C","0.000000000"
"21177","59.399330","Cisco_ac:81:e8","XiaomiCo_b8:b6:e6","802.11","QoS Data","150","0.000169000","QoS Data, SN=1766, FN=0, Flags=.p..R.F.C","0.000000000"
"21178","59.399381","Cisco_ac:81:e8","XiaomiCo_b8:b6:e6","802.11","QoS Data","150","0.000051000","QoS Data, SN=1767, FN=0, Flags=.p..R.F.C","0.000000000"
"21179","59.399431","Cisco_ac:81:e8","XiaomiCo_b8:b6:e6","802.11","QoS Data","154","0.000050000","QoS Data, SN=1768, FN=0, Flags=.p..R.F.C","0.000000000"
"21387","59.437437","Cisco_ac:81:e8","XiaomiCo_b8:b6:e6","802.11","QoS Data","166","0.038006000","QoS Data, SN=1769, FN=0, Flags=.p....F.C","0.000000000"
"21390","59.437620","Cisco_ac:81:e8","XiaomiCo_b8:b6:e6","802.11","QoS Data","166","0.000183000","QoS Data, SN=1769, FN=0, Flags=.p..R.F.C","0.000000000"
"21393","59.437792","Cisco_ac:81:e8","XiaomiCo_b8:b6:e6","802.11","QoS Data","166","0.000172000","QoS Data, SN=1769, FN=0, Flags=.p..R.F.C","0.000000000"
"21535","59.461203","Cisco_ac:81:e8","XiaomiCo_b8:b6:e6","802.11","QoS Data","231","0.023411000","QoS Data, SN=1770, FN=0, Flags=.p..R.F.C","0.000000000"
"21536","59.461279","Cisco_ac:81:e8","XiaomiCo_b8:b6:e6","802.11","QoS Data","1524","0.000076000","QoS Data, SN=1771, FN=0, Flags=.p..R.F.C","0.000000000"
"21537","59.461694","Cisco_ac:81:e8","XiaomiCo_b8:b6:e6","802.11","QoS Data","1524","0.000415000","QoS Data, SN=1772, FN=0, Flags=.p..R.F.C","0.000000000"
"21538","59.461748","Cisco_ac:81:e8","XiaomiCo_b8:b6:e6","802.11","QoS Data","1524","0.000054000","QoS Data, SN=1773, FN=0, Flags=.p..R.F.C","0.000000000"
"21539","59.461823","Cisco_ac:81:e8","XiaomiCo_b8:b6:e6","802.11","QoS Data","432","0.000075000","QoS Data, SN=1774, FN=0, Flags=.p..R.F.C","0.000000000"
"21540","59.461872","Cisco_ac:81:e8","XiaomiCo_b8:b6:e6","802.11","QoS Data","200","0.000049000","QoS Data, SN=1775, FN=0, Flags=.p..R.F.C","0.000000000"
"21567","59.467440","Cisco_ac:81:e8","XiaomiCo_b8:b6:e6","802.11","QoS Data","231","0.005568000","QoS Data, SN=1770, FN=0, Flags=.p..R.F.C","0.000000000"
"21568","59.467513","Cisco_ac:81:e8","XiaomiCo_b8:b6:e6","802.11","QoS Data","1524","0.000073000","QoS Data, SN=1771, FN=0, Flags=.p..R.F.C","0.000000000"
"21569","59.467562","Cisco_ac:81:e8","XiaomiCo_b8:b6:e6","802.11","QoS Data","209","0.000049000","QoS Data, SN=1776, FN=0, Flags=.p..R.F.C","0.000000000"
"21671","59.496500","Cisco_ac:81:e8","XiaomiCo_b8:b6:e6","802.11","QoS Data","1528","0.028938000","QoS Data, SN=1771, FN=0, Flags=.p..R.F.C","0.000000000"
"21674","59.497026","Cisco_ac:81:e8","XiaomiCo_b8:b6:e6","802.11","QoS Data","1528","0.000526000","QoS Data, SN=1771, FN=0, Flags=.p..R.F.C","0.000000000"
"21744","59.506064","Cisco_ac:81:e8","XiaomiCo_b8:b6:e6","802.11","QoS Data","155","0.009038000","QoS Data, SN=1777, FN=0, Flags=.p....F.C","0.000000000"
"21756","59.507036","Cisco_ac:81:e8","XiaomiCo_b8:b6:e6","802.11","QoS Data","155","0.000972000","QoS Data, SN=1777, FN=0, Flags=.p..R.F.C","0.000000000"
"21905","59.537015","Cisco_ac:81:e8","XiaomiCo_b8:b6:e6","802.11","QoS Data","154","0.029979000","QoS Data, SN=1778, FN=0, Flags=.p....F.C","0.000000000"
"21915","59.540216","Cisco_ac:81:e8","XiaomiCo_b8:b6:e6","802.11","QoS Data","154","0.003201000","QoS Data, SN=1778, FN=0, Flags=.p..R.F.C","0.000000000"
"22068","59.557873","Cisco_ac:81:e8","XiaomiCo_b8:b6:e6","802.11","QoS Data","209","0.017657000","QoS Data, SN=1779, FN=0, Flags=.p....F.C","0.000000000"
"22071","59.558239","Cisco_ac:81:e8","XiaomiCo_b8:b6:e6","802.11","QoS Data","209","0.000366000","QoS Data, SN=1779, FN=0, Flags=.p..R.F.C","0.000000000"
"57799","68.731282","Cisco_ac:81:e8","XiaomiCo_b8:b6:e6","802.11","QoS Data","154","9.173043000","QoS Data, SN=1780, FN=0, Flags=.p....F.C","0.000000000"
"57803","68.762944","Cisco_ac:81:e8","XiaomiCo_b8:b6:e6","802.11","QoS Data","185","0.031662000","QoS Data, SN=1781, FN=0, Flags=.p....F.C","0.000000000"
"69981","74.339680","Cisco_ac:81:e8","XiaomiCo_b8:b6:e6","802.11","QoS Data","521","5.576736000","QoS Data, SN=1782, FN=0, Flags=.p....F.C","0.000000000"
"70290","74.636744","Cisco_ac:81:e8","XiaomiCo_b8:b6:e6","802.11","QoS Data","154","0.297064000","QoS Data, SN=1783, FN=0, Flags=.p....F.C","0.000000000"
"70618","75.046411","Cisco_ac:81:e8","XiaomiCo_b8:b6:e6","802.11","QoS Data","148","0.409667000","QoS Data, SN=1784, FN=0, Flags=.pm...F.C","0.000000000"
"70620","75.046859","Cisco_ac:81:e8","XiaomiCo_b8:b6:e6","802.11","QoS Data","1528","0.000448000","QoS Data, SN=1785, FN=0, Flags=.pm...F.C","0.000000000"
"70622","75.047207","Cisco_ac:81:e8","XiaomiCo_b8:b6:e6","802.11","QoS Data","1524","0.000348000","QoS Data, SN=1786, FN=0, Flags=.pm...F.C","0.000000000"
"70623","75.047323","Cisco_ac:81:e8","XiaomiCo_b8:b6:e6","802.11","QoS Data","594","0.000116000","QoS Data, SN=1787, FN=0, Flags=.p....F.C","0.000000000"
"70986","75.411312","Cisco_ac:81:e8","XiaomiCo_b8:b6:e6","802.11","QoS Data","400","0.363989000","QoS Data, SN=1788, FN=0, Flags=.p....F.C","0.000000000"
"71267","75.762653","Cisco_ac:81:e8","XiaomiCo_b8:b6:e6","802.11","QoS Data","488","0.351341000","QoS Data, SN=1789, FN=0, Flags=.pm...F.C","0.000000000"
"71269","75.762827","Cisco_ac:81:e8","XiaomiCo_b8:b6:e6","802.11","QoS Data","176","0.000174000","QoS Data, SN=1790, FN=0, Flags=.p....F.C","0.000000000"
"75581","79.449773","Cisco_ac:81:e8","XiaomiCo_b8:b6:e6","802.11","QoS Data","148","3.686946000","QoS Data, SN=1791, FN=0, Flags=.p....F.C","0.000000000"
"75721","80.371192","Cisco_ac:81:e8","XiaomiCo_b8:b6:e6","802.11","QoS Data","165","0.921419000","QoS Data, SN=1792, FN=0, Flags=.p....F.C","0.000000000"
"82351","90.816110","Cisco_ac:81:e8","XiaomiCo_b8:b6:e6","802.11","QoS Data","173","10.444918000","QoS Data, SN=1793, FN=0, Flags=.pm...F.C","0.000000000"
"82354","90.816358","Cisco_ac:81:e8","XiaomiCo_b8:b6:e6","802.11","QoS Data","173","0.000248000","QoS Data, SN=1793, FN=0, Flags=.pm.R.F.C","0.000000000"
"82356","90.816581","Cisco_ac:81:e8","XiaomiCo_b8:b6:e6","802.11","QoS Data","148","0.000223000","QoS Data, SN=1794, FN=0, Flags=.p....F.C","0.000000000"
"82359","90.817360","Cisco_ac:81:e8","XiaomiCo_b8:b6:e6","802.11","QoS Data","148","0.000779000","QoS Data, SN=1794, FN=0, Flags=.p..R.F.C","0.000000000"
"82898","92.211275","Cisco_ac:81:e8","XiaomiCo_b8:b6:e6","802.11","QoS Data","148","1.393915000","QoS Data, SN=1795, FN=0, Flags=.p....F.C","0.000000000"
"84726","99.739511","Cisco_ac:81:e8","XiaomiCo_b8:b6:e6","802.11","QoS Data","154","7.528236000","QoS Data, SN=1796, FN=0, Flags=.p..R.F.C","0.000000000"
"84730","99.763081","Cisco_ac:81:e8","XiaomiCo_b8:b6:e6","802.11","QoS Data","185","0.023570000","QoS Data, SN=1797, FN=0, Flags=.p....F.C","0.000000000"
"85348","102.592231","Cisco_ac:81:e8","XiaomiCo_b8:b6:e6","802.11","QoS Data","154","2.829150000","QoS Data, SN=1798, FN=0, Flags=.p....F.C","0.000000000"
"91855","130.756436","Cisco_ac:81:e8","XiaomiCo_b8:b6:e6","802.11","QoS Data","154","28.164205000","QoS Data, SN=1799, FN=0, Flags=.p....F.C","0.000000000"
"91903","131.059649","Cisco_ac:81:e8","XiaomiCo_b8:b6:e6","802.11","QoS Data","185","0.303213000","QoS Data, SN=1800, FN=0, Flags=.p....F.C","0.000000000"
"93786","140.721782","Cisco_ac:81:e8","XiaomiCo_b8:b6:e6","802.11","QoS Data","165","9.662133000","QoS Data, SN=1801, FN=0, Flags=.p....F.C","0.000000000"
"93804","140.787041","Cisco_ac:81:e8","XiaomiCo_b8:b6:e6","802.11","QoS Data","166","0.065259000","QoS Data, SN=1802, FN=0, Flags=.p....F.C","0.000000000"
"100414","161.739927","Cisco_ac:81:e8","XiaomiCo_b8:b6:e6","802.11","QoS Data","154","20.952886000","QoS Data, SN=1803, FN=0, Flags=.p....F.C","0.000000000"
"100419","161.766247","Cisco_ac:81:e8","XiaomiCo_b8:b6:e6","802.11","QoS Data","185","0.026320000","QoS Data, SN=1804, FN=0, Flags=.p....F.C","0.000000000"
"100422","161.766649","Cisco_ac:81:e8","XiaomiCo_b8:b6:e6","802.11","QoS Data","185","0.000402000","QoS Data, SN=1804, FN=0, Flags=.p..R.F.C","0.000000000"
"101609","165.949297","Cisco_ac:81:e8","XiaomiCo_b8:b6:e6","802.11","QoS Data","154","4.182648000","QoS Data, SN=115, FN=0, Flags=.p....F.C","0.000000000"
"102629","166.285653","Cisco_ac:81:e8","XiaomiCo_b8:b6:e6","802.11","QoS Data","251","0.336356000","QoS Data, SN=116, FN=0, Flags=.p....F.C","0.000000000"
"102760","166.313402","Cisco_ac:81:e8","XiaomiCo_b8:b6:e6","802.11","QoS Data","154","0.027749000","QoS Data, SN=117, FN=0, Flags=.p....F.C","0.000000000"
"110812","187.482585","Cisco_ac:81:e8","XiaomiCo_b8:b6:e6","802.11","QoS Data","162","21.169183000","QoS Data, SN=1805, FN=0, Flags=.p....F.C","0.000000000"
"110818","187.491339","Cisco_ac:81:e8","XiaomiCo_b8:b6:e6","802.11","QoS Data","162","0.008754000","QoS Data, SN=1806, FN=0, Flags=.p....F.C","0.000000000"
"110832","187.541381","Cisco_ac:81:e8","XiaomiCo_b8:b6:e6","802.11","QoS Data","154","0.050042000","QoS Data, SN=1807, FN=0, Flags=.p....F.C","0.000000000"
"110838","187.555522","Cisco_ac:81:e8","XiaomiCo_b8:b6:e6","802.11","QoS Data","1528","0.014141000","QoS Data, SN=1808, FN=0, Flags=.p....F.C","0.000000000"
"110841","187.555780","Cisco_ac:81:e8","XiaomiCo_b8:b6:e6","802.11","QoS Data","1528","0.000258000","QoS Data, SN=1808, FN=0, Flags=.p..R.F.C","0.000000000"
"110843","187.556473","Cisco_ac:81:e8","XiaomiCo_b8:b6:e6","802.11","QoS Data","1528","0.000693000","QoS Data, SN=1809, FN=0, Flags=.p....F.C","0.000000000"
"110845","187.556650","Cisco_ac:81:e8","XiaomiCo_b8:b6:e6","802.11","QoS Data","399","0.000177000","QoS Data, SN=1810, FN=0, Flags=.p....F.C","0.000000000"
"110863","187.654620","Cisco_ac:81:e8","XiaomiCo_b8:b6:e6","802.11","QoS Data","446","0.097970000","QoS Data, SN=1811, FN=0, Flags=.p....F.C","0.000000000"
"110876","187.708008","Cisco_ac:81:e8","XiaomiCo_b8:b6:e6","802.11","QoS Data","154","0.053388000","QoS Data, SN=1812, FN=0, Flags=.p....F.C","0.000000000"
"110878","187.725086","Cisco_ac:81:e8","XiaomiCo_b8:b6:e6","802.11","QoS Data","1171","0.017078000","QoS Data, SN=1813, FN=0, Flags=.p....F.C","0.000000000"
"110880","187.725339","Cisco_ac:81:e8","XiaomiCo_b8:b6:e6","802.11","QoS Data","215","0.000253000","QoS Data, SN=1814, FN=0, Flags=.p....F.C","0.000000000"
"110882","187.725589","Cisco_ac:81:e8","XiaomiCo_b8:b6:e6","802.11","QoS Data","188","0.000250000","QoS Data, SN=1815, FN=0, Flags=.p....F.C","0.000000000"
"110896","187.799037","Cisco_ac:81:e8","XiaomiCo_b8:b6:e6","802.11","QoS Data","154","0.073448000","QoS Data, SN=1816, FN=0, Flags=.p....F.C","0.000000000"
"110905","187.803736","Cisco_ac:81:e8","XiaomiCo_b8:b6:e6","802.11","QoS Data","154","0.004699000","QoS Data, SN=1817, FN=0, Flags=.p..R.F.C","0.000000000"
"110907","187.826113","Cisco_ac:81:e8","XiaomiCo_b8:b6:e6","802.11","QoS Data","954","0.022377000","QoS Data, SN=1818, FN=0, Flags=.p....F.C","0.000000000"
"110909","187.826299","Cisco_ac:81:e8","XiaomiCo_b8:b6:e6","802.11","QoS Data","261","0.000186000","QoS Data, SN=1819, FN=0, Flags=.p....F.C","0.000000000"
"110911","187.826625","Cisco_ac:81:e8","XiaomiCo_b8:b6:e6","802.11","QoS Data","188","0.000326000","QoS Data, SN=1820, FN=0, Flags=.p....F.C","0.000000000"
"111480","192.726961","Cisco_ac:81:e8","XiaomiCo_b8:b6:e6","802.11","QoS Data","154","4.900336000","QoS Data, SN=118, FN=0, Flags=.p....F.C","0.000000000"
"111489","192.807382","Cisco_ac:81:e8","XiaomiCo_b8:b6:e6","802.11","QoS Data","185","0.080421000","QoS Data, SN=119, FN=0, Flags=.p....F.C","0.000000000"
"112509","200.487382","Cisco_ac:81:e8","XiaomiCo_b8:b6:e6","802.11","QoS Data","165","7.680000000","QoS Data, SN=1821, FN=0, Flags=.p....F.C","0.000000000"
"114557","213.674157","Cisco_ac:81:e8","XiaomiCo_b8:b6:e6","802.11","QoS Data","148","13.186775000","QoS Data, SN=1822, FN=0, Flags=.p....F.C","0.000000000"
"114559","213.674327","Cisco_ac:81:e8","XiaomiCo_b8:b6:e6","802.11","QoS Data","148","0.000170000","QoS Data, SN=1823, FN=0, Flags=.p....F.C","0.000000000"
"115376","218.673388","Cisco_ac:81:e8","XiaomiCo_b8:b6:e6","802.11","QoS Data","148","4.999061000","QoS Data, SN=1824, FN=0, Flags=.p....F.C","0.000000000"
"116357","223.746337","Cisco_ac:81:e8","XiaomiCo_b8:b6:e6","802.11","QoS Data","154","5.072949000","QoS Data, SN=120, FN=0, Flags=.p..R.F.C","0.000000000"
"116359","223.771663","Cisco_ac:81:e8","XiaomiCo_b8:b6:e6","802.11","QoS Data","185","0.025326000","QoS Data, SN=121, FN=0, Flags=.p....F.C","0.000000000"
"122293","249.537469","Cisco_ac:81:e8","XiaomiCo_b8:b6:e6","802.11","QoS Data","154","25.765806000","QoS Data, SN=1825, FN=0, Flags=.p....F.C","0.000000000"
"122548","250.254431","Cisco_ac:81:e8","XiaomiCo_b8:b6:e6","802.11","QoS Data","154","0.716962000","QoS Data, SN=1826, FN=0, Flags=.p....F.C","0.000000000"
"122754","251.278348","Cisco_ac:81:e8","XiaomiCo_b8:b6:e6","802.11","QoS Data","154","1.023917000","QoS Data, SN=1827, FN=0, Flags=.p....F.C","0.000000000"
"123373","254.731535","Cisco_ac:81:e8","XiaomiCo_b8:b6:e6","802.11","QoS Data","154","3.453187000","QoS Data, SN=122, FN=0, Flags=.p....F.C","0.000000000"
"123376","254.731760","Cisco_ac:81:e8","XiaomiCo_b8:b6:e6","802.11","QoS Data","154","0.000225000","QoS Data, SN=122, FN=0, Flags=.p..R.F.C","0.000000000"
"123389","254.757575","Cisco_ac:81:e8","XiaomiCo_b8:b6:e6","802.11","QoS Data","185","0.025815000","QoS Data, SN=123, FN=0, Flags=.p....F.C","0.000000000"
"124469","260.903957","Cisco_ac:81:e8","XiaomiCo_b8:b6:e6","802.11","QoS Data","154","6.146382000","QoS Data, SN=1828, FN=0, Flags=.pm...F.C","0.000000000"
"124471","260.904154","Cisco_ac:81:e8","XiaomiCo_b8:b6:e6","802.11","QoS Data","165","0.000197000","QoS Data, SN=1829, FN=0, Flags=.p....F.C","0.000000000"
"124481","260.959009","Cisco_ac:81:e8","XiaomiCo_b8:b6:e6","802.11","QoS Data","166","0.054855000","QoS Data, SN=1830, FN=0, Flags=.p....F.C","0.000000000"
"145979","278.721833","Cisco_ac:81:e8","XiaomiCo_b8:b6:e6","802.11","QoS Data","154","17.762824000","QoS Data, SN=1831, FN=0, Flags=.pm...F.C","0.000000000"
"145981","278.722240","Cisco_ac:81:e8","XiaomiCo_b8:b6:e6","802.11","QoS Data","209","0.000407000","QoS Data, SN=1832, FN=0, Flags=.p....F.C","0.000000000"
"146005","278.832604","Cisco_ac:81:e8","XiaomiCo_b8:b6:e6","802.11","QoS Data","181","0.110364000","QoS Data, SN=1834, FN=0, Flags=.p....F.C","0.000000000"
"147375","283.930855","Cisco_ac:81:e8","XiaomiCo_b8:b6:e6","802.11","QoS Data","154","5.098251000","QoS Data, SN=1835, FN=0, Flags=.p....F.C","0.000000000"
"147377","283.931045","Cisco_ac:81:e8","XiaomiCo_b8:b6:e6","802.11","QoS Data","154","0.000190000","QoS Data, SN=1836, FN=0, Flags=.p....F.C","0.000000000"
"147379","283.933037","Cisco_ac:81:e8","XiaomiCo_b8:b6:e6","802.11","QoS Data","154","0.001992000","QoS Data, SN=1837, FN=0, Flags=.p....F.C","0.000000000"
"147385","283.942865","Cisco_ac:81:e8","XiaomiCo_b8:b6:e6","802.11","QoS Data","154","0.009828000","QoS Data, SN=1838, FN=0, Flags=.p....F.C","0.000000000"
"147393","283.969574","Cisco_ac:81:e8","XiaomiCo_b8:b6:e6","802.11","QoS Data","154","0.026709000","QoS Data, SN=1839, FN=0, Flags=.p....F.C","0.000000000"
"147395","283.970398","Cisco_ac:81:e8","XiaomiCo_b8:b6:e6","802.11","QoS Data","319","0.000824000","QoS Data, SN=1840, FN=0, Flags=.p....F.C","0.000000000"
"147405","283.989863","Cisco_ac:81:e8","XiaomiCo_b8:b6:e6","802.11","QoS Data","239","0.019465000","QoS Data, SN=1841, FN=0, Flags=.p....F.C","0.000000000"
"147407","283.990035","Cisco_ac:81:e8","XiaomiCo_b8:b6:e6","802.11","QoS Data","1528","0.000172000","QoS Data, SN=1842, FN=0, Flags=.p....F.C","0.000000000"
"147409","283.990214","Cisco_ac:81:e8","XiaomiCo_b8:b6:e6","802.11","QoS Data","1524","0.000179000","QoS Data, SN=1843, FN=0, Flags=.p....F.C","0.000000000"
"147410","283.990389","Cisco_ac:81:e8","XiaomiCo_b8:b6:e6","802.11","QoS Data","1207","0.000175000","QoS Data, SN=1844, FN=0, Flags=.p....F.C","0.000000000"
"147412","283.991018","Cisco_ac:81:e8","XiaomiCo_b8:b6:e6","802.11","QoS Data","937","0.000629000","QoS Data, SN=1845, FN=0, Flags=.p....F.C","0.000000000"
"147413","283.991129","Cisco_ac:81:e8","XiaomiCo_b8:b6:e6","802.11","QoS Data","200","0.000111000","QoS Data, SN=1846, FN=0, Flags=.p....F.C","0.000000000"
"147421","284.009356","Cisco_ac:81:e8","XiaomiCo_b8:b6:e6","802.11","QoS Data","154","0.018227000","QoS Data, SN=1847, FN=0, Flags=.p....F.C","0.000000000"
"147426","284.023447","Cisco_ac:81:e8","XiaomiCo_b8:b6:e6","802.11","QoS Data","1081","0.014091000","QoS Data, SN=1848, FN=0, Flags=.p....F.C","0.000000000"
"147440","284.082627","Cisco_ac:81:e8","XiaomiCo_b8:b6:e6","802.11","QoS Data","264","0.059180000","QoS Data, SN=1849, FN=0, Flags=.p....F.C","0.000000000"
"147527","284.815079","Cisco_ac:81:e8","XiaomiCo_b8:b6:e6","802.11","QoS Data","148","0.732452000","QoS Data, SN=1850, FN=0, Flags=.p....F.C","0.000000000"
"147529","284.815254","Cisco_ac:81:e8","XiaomiCo_b8:b6:e6","802.11","QoS Data","148","0.000175000","QoS Data, SN=1851, FN=0, Flags=.p....F.C","0.000000000"
"147541","284.885170","Cisco_ac:81:e8","XiaomiCo_b8:b6:e6","802.11","QoS Data","220","0.069916000","QoS Data, SN=1852, FN=0, Flags=.p....F.C","0.000000000"
"147770","285.730284","Cisco_ac:81:e8","XiaomiCo_b8:b6:e6","802.11","QoS Data","154","0.845114000","QoS Data, SN=124, FN=0, Flags=.p....F.C","0.000000000"
"147817","285.889914","Cisco_ac:81:e8","XiaomiCo_b8:b6:e6","802.11","QoS Data","185","0.159630000","QoS Data, SN=125, FN=0, Flags=.p....F.C","0.000000000"
"147838","285.935718","Cisco_ac:81:e8","XiaomiCo_b8:b6:e6","802.11","QoS Data","154","0.045804000","QoS Data, SN=1853, FN=0, Flags=.p....F.C","0.000000000"
"147859","286.034877","Cisco_ac:81:e8","XiaomiCo_b8:b6:e6","802.11","QoS Data","252","0.099159000","QoS Data, SN=1854, FN=0, Flags=.p....F.C","0.000000000"
"147871","286.077167","Cisco_ac:81:e8","XiaomiCo_b8:b6:e6","802.11","QoS Data","154","0.042290000","QoS Data, SN=1855, FN=0, Flags=.p....F.C","0.000000000"
"154527","314.293548","Cisco_ac:81:e8","XiaomiCo_b8:b6:e6","802.11","QoS Data","148","28.216381000","QoS Data, SN=1856, FN=0, Flags=.pm...F.C","0.000000000"
"154529","314.293737","Cisco_ac:81:e8","XiaomiCo_b8:b6:e6","802.11","QoS Data","148","0.000189000","QoS Data, SN=1857, FN=0, Flags=.p....F.C","0.000000000"
"154672","314.679353","Cisco_ac:81:e8","XiaomiCo_b8:b6:e6","802.11","QoS Data","148","0.385616000","QoS Data, SN=1858, FN=0, Flags=.p....F.C","0.000000000"
"154675","314.679755","Cisco_ac:81:e8","XiaomiCo_b8:b6:e6","802.11","QoS Data","148","0.000402000","QoS Data, SN=1858, FN=0, Flags=.p..R.F.C","0.000000000"
"154704","314.893373","Cisco_ac:81:e8","XiaomiCo_b8:b6:e6","802.11","QoS Data","148","0.213618000","QoS Data, SN=1859, FN=0, Flags=.pm...F.C","0.000000000"
"154706","314.893536","Cisco_ac:81:e8","XiaomiCo_b8:b6:e6","802.11","QoS Data","148","0.000163000","QoS Data, SN=1860, FN=0, Flags=.p....F.C","0.000000000"
"154732","314.972533","Cisco_ac:81:e8","XiaomiCo_b8:b6:e6","802.11","QoS Data","148","0.078997000","QoS Data, SN=1861, FN=0, Flags=.p....F.C","0.000000000"
"154918","315.995685","Cisco_ac:81:e8","XiaomiCo_b8:b6:e6","802.11","QoS Data","148","1.023152000","QoS Data, SN=1862, FN=0, Flags=.pm...F.C","0.000000000"
"154920","315.995882","Cisco_ac:81:e8","XiaomiCo_b8:b6:e6","802.11","QoS Data","148","0.000197000","QoS Data, SN=1863, FN=0, Flags=.p....F.C","0.000000000"
"155055","316.721778","Cisco_ac:81:e8","XiaomiCo_b8:b6:e6","802.11","QoS Data","154","0.725896000","QoS Data, SN=126, FN=0, Flags=.p....F.C","0.000000000"
"155064","316.748032","Cisco_ac:81:e8","XiaomiCo_b8:b6:e6","802.11","QoS Data","185","0.026254000","QoS Data, SN=127, FN=0, Flags=.p....F.C","0.000000000"
"155090","316.845874","Cisco_ac:81:e8","XiaomiCo_b8:b6:e6","802.11","QoS Data","154","0.097842000","QoS Data, SN=1864, FN=0, Flags=.p....F.C","0.000000000"
"155115","316.963506","Cisco_ac:81:e8","XiaomiCo_b8:b6:e6","802.11","QoS Data","237","0.117632000","QoS Data, SN=1865, FN=0, Flags=.pm...F.C","0.000000000"
"155117","316.963714","Cisco_ac:81:e8","XiaomiCo_b8:b6:e6","802.11","QoS Data","460","0.000208000","QoS Data, SN=1866, FN=0, Flags=.pm...F.C","0.000000000"
"155119","316.963991","Cisco_ac:81:e8","XiaomiCo_b8:b6:e6","802.11","QoS Data","265","0.000277000","QoS Data, SN=1867, FN=0, Flags=.pm...F.C","0.000000000"
"155120","316.964084","Cisco_ac:81:e8","XiaomiCo_b8:b6:e6","802.11","QoS Data","200","0.000093000","QoS Data, SN=1868, FN=0, Flags=.p....F.C","0.000000000"
"155127","316.982897","Cisco_ac:81:e8","XiaomiCo_b8:b6:e6","802.11","QoS Data","154","0.018813000","QoS Data, SN=1869, FN=0, Flags=.p....F.C","0.000000000"
"156168","318.666581","Cisco_ac:81:e8","XiaomiCo_b8:b6:e6","802.11","QoS Data","166","1.683684000","QoS Data, SN=1870, FN=0, Flags=.p..R.F.C","0.000000000"
"164542","320.501263","Cisco_ac:81:e8","XiaomiCo_b8:b6:e6","802.11","QoS Data","165","1.834682000","QoS Data, SN=1871, FN=0, Flags=.p....F.C","0.000000000"
"172864","347.716367","Cisco_ac:81:e8","XiaomiCo_b8:b6:e6","802.11","QoS Data","154","27.215104000","QoS Data, SN=128, FN=0, Flags=.p....F.C","0.000000000"
"172870","347.741408","Cisco_ac:81:e8","XiaomiCo_b8:b6:e6","802.11","QoS Data","185","0.025041000","QoS Data, SN=129, FN=0, Flags=.p....F.C","0.000000000"
"173626","352.817639","Cisco_ac:81:e8","XiaomiCo_b8:b6:e6","802.11","QoS Data","148","5.076231000","QoS Data, SN=1872, FN=0, Flags=.p....F.C","0.000000000"
"186466","378.715735","Cisco_ac:81:e8","XiaomiCo_b8:b6:e6","802.11","QoS Data","154","25.898096000","QoS Data, SN=130, FN=0, Flags=.p....F.C","0.000000000"
"186524","378.869980","Cisco_ac:81:e8","XiaomiCo_b8:b6:e6","802.11","QoS Data","185","0.154245000","QoS Data, SN=131, FN=0, Flags=.p....F.C","0.000000000"
"186884","380.919428","Cisco_ac:81:e8","XiaomiCo_b8:b6:e6","802.11","QoS Data","165","2.049448000","QoS Data, SN=1873, FN=0, Flags=.p....F.C","0.000000000"
"191923","409.740920","Cisco_ac:81:e8","XiaomiCo_b8:b6:e6","802.11","QoS Data","154","28.821492000","QoS Data, SN=132, FN=0, Flags=.p....F.C","0.000000000"
"191927","409.767411","Cisco_ac:81:e8","XiaomiCo_b8:b6:e6","802.11","QoS Data","185","0.026491000","QoS Data, SN=133, FN=0, Flags=.p....F.C","0.000000000"
"191930","409.767667","Cisco_ac:81:e8","XiaomiCo_b8:b6:e6","802.11","QoS Data","185","0.000256000","QoS Data, SN=133, FN=0, Flags=.p..R.F.C","0.000000000"
"199539","427.918934","98:0b:32:ac:81:e8","XiaomiCo_b8:b6:e6","802.11","QoS Data","154","18.151267000","QoS Data, SN=1874, FN=0, Flags=.p....F.C","0.000000000"
"202040","440.254696","Cisco_ac:81:e8","XiaomiCo_b8:b6:e6","802.11","QoS Data","165","12.335762000","QoS Data, SN=1875, FN=0, Flags=.p....F.C","0.000000000"
"202043","440.254925","Cisco_ac:81:e8","XiaomiCo_b8:b6:e6","802.11","QoS Data","165","0.000229000","QoS Data, SN=1875, FN=0, Flags=.p..R.F.C","0.000000000"
"202194","440.739519","Cisco_ac:81:e8","XiaomiCo_b8:b6:e6","802.11","QoS Data","154","0.484594000","QoS Data, SN=134, FN=0, Flags=.p....F.C","0.000000000"
"202197","440.739741","Cisco_ac:81:e8","XiaomiCo_b8:b6:e6","802.11","QoS Data","154","0.000222000","QoS Data, SN=134, FN=0, Flags=.p..R.F.C","0.000000000"
"202199","440.766239","Cisco_ac:81:e8","XiaomiCo_b8:b6:e6","802.11","QoS Data","185","0.026498000","QoS Data, SN=135, FN=0, Flags=.p....F.C","0.000000000"
"202202","440.766488","Cisco_ac:81:e8","XiaomiCo_b8:b6:e6","802.11","QoS Data","185","0.000249000","QoS Data, SN=135, FN=0, Flags=.p..R.F.C","0.000000000"
"232805","471.723690","Cisco_ac:81:e8","XiaomiCo_b8:b6:e6","802.11","QoS Data","154","30.957202000","QoS Data, SN=1876, FN=0, Flags=.p....F.C","0.000000000"
"232808","471.723916","Cisco_ac:81:e8","XiaomiCo_b8:b6:e6","802.11","QoS Data","154","0.000226000","QoS Data, SN=1876, FN=0, Flags=.p..R.F.C","0.000000000"
"232923","471.952205","Cisco_ac:81:e8","XiaomiCo_b8:b6:e6","802.11","QoS Data","185","0.228289000","QoS Data, SN=1877, FN=0, Flags=.p....F.C","0.000000000"
"232926","471.952623","Cisco_ac:81:e8","XiaomiCo_b8:b6:e6","802.11","QoS Data","185","0.000418000","QoS Data, SN=1877, FN=0, Flags=.p..R.F.C","0.000000000"
"251016","495.948277","Cisco_ac:81:e8","XiaomiCo_b8:b6:e6","802.11","QoS Data","154","23.995654000","QoS Data, SN=136, FN=0, Flags=.p....F.C","0.000000000"
"251019","495.948499","Cisco_ac:81:e8","XiaomiCo_b8:b6:e6","802.11","QoS Data","154","0.000222000","QoS Data, SN=136, FN=0, Flags=.p..R.F.C","0.000000000"
"251860","496.221201","Cisco_ac:81:e8","XiaomiCo_b8:b6:e6","802.11","QoS Data","252","0.272702000","QoS Data, SN=137, FN=0, Flags=.p....F.C","0.000000000"
"251863","496.221477","Cisco_ac:81:e8","XiaomiCo_b8:b6:e6","802.11","QoS Data","252","0.000276000","QoS Data, SN=137, FN=0, Flags=.p..R.F.C","0.000000000"
"251872","496.248042","Cisco_ac:81:e8","XiaomiCo_b8:b6:e6","802.11","QoS Data","154","0.026565000","QoS Data, SN=138, FN=0, Flags=.p....F.C","0.000000000"
"254102","500.624565","Cisco_ac:81:e8","XiaomiCo_b8:b6:e6","802.11","QoS Data","165","4.376523000","QoS Data, SN=1878, FN=0, Flags=.p....F.C","0.000000000"
"254105","500.624848","Cisco_ac:81:e8","XiaomiCo_b8:b6:e6","802.11","QoS Data","165","0.000283000","QoS Data, SN=1878, FN=0, Flags=.p..R.F.C","0.000000000"
"254108","500.625147","Cisco_ac:81:e8","XiaomiCo_b8:b6:e6","802.11","QoS Data","165","0.000299000","QoS Data, SN=1878, FN=0, Flags=.p..R.F.C","0.000000000"
"254111","500.625398","Cisco_ac:81:e8","XiaomiCo_b8:b6:e6","802.11","QoS Data","165","0.000251000","QoS Data, SN=1878, FN=0, Flags=.p..R.F.C","0.000000000"
"254114","500.625632","Cisco_ac:81:e8","XiaomiCo_b8:b6:e6","802.11","QoS Data","165","0.000234000","QoS Data, SN=1878, FN=0, Flags=.p..R.F.C","0.000000000"
"254120","500.626404","Cisco_ac:81:e8","XiaomiCo_b8:b6:e6","802.11","QoS Data","165","0.000772000","QoS Data, SN=1878, FN=0, Flags=.p..R.F.C","0.000000000"
"254123","500.626772","Cisco_ac:81:e8","XiaomiCo_b8:b6:e6","802.11","QoS Data","165","0.000368000","QoS Data, SN=1878, FN=0, Flags=.p..R.F.C","0.000000000"
"255799","502.755662","Cisco_ac:81:e8","XiaomiCo_b8:b6:e6","802.11","QoS Data","154","2.128890000","QoS Data, SN=1879, FN=0, Flags=.p....F.C","0.000000000"
"255802","502.755865","Cisco_ac:81:e8","XiaomiCo_b8:b6:e6","802.11","QoS Data","154","0.000203000","QoS Data, SN=1879, FN=0, Flags=.p..R.F.C","0.000000000"
"255867","503.082083","Cisco_ac:81:e8","XiaomiCo_b8:b6:e6","802.11","QoS Data","185","0.326218000","QoS Data, SN=1880, FN=0, Flags=.p....F.C","0.000000000"
"255870","503.082726","Cisco_ac:81:e8","XiaomiCo_b8:b6:e6","802.11","QoS Data","185","0.000643000","QoS Data, SN=1880, FN=0, Flags=.p..R.F.C","0.000000000"
"264652","522.211730","Cisco_ac:81:e8","XiaomiCo_b8:b6:e6","802.11","QoS Data","521","19.129004000","QoS Data, SN=1881, FN=0, Flags=.p....F.C","0.000000000"
"264655","522.212382","Cisco_ac:81:e8","XiaomiCo_b8:b6:e6","802.11","QoS Data","521","0.000652000","QoS Data, SN=1881, FN=0, Flags=.p..R.F.C","0.000000000"
"264657","522.212590","Cisco_ac:81:e8","XiaomiCo_b8:b6:e6","802.11","QoS Data","521","0.000208000","QoS Data, SN=1881, FN=0, Flags=.p..R.F.C","0.000000000"
"264660","522.213411","Cisco_ac:81:e8","XiaomiCo_b8:b6:e6","802.11","QoS Data","521","0.000821000","QoS Data, SN=1881, FN=0, Flags=.p..R.F.C","0.000000000"
"264663","522.214209","Cisco_ac:81:e8","XiaomiCo_b8:b6:e6","802.11","QoS Data","521","0.000798000","QoS Data, SN=1881, FN=0, Flags=.p..R.F.C","0.000000000"
"264714","522.538348","Cisco_ac:81:e8","XiaomiCo_b8:b6:e6","802.11","QoS Data","154","0.324139000","QoS Data, SN=1882, FN=0, Flags=.p....F.C","0.000000000"
"264717","522.538584","Cisco_ac:81:e8","XiaomiCo_b8:b6:e6","802.11","QoS Data","154","0.000236000","QoS Data, SN=1882, FN=0, Flags=.p..R.F.C","0.000000000"
"264817","522.947877","Cisco_ac:81:e8","XiaomiCo_b8:b6:e6","802.11","QoS Data","148","0.409293000","QoS Data, SN=1883, FN=0, Flags=.pm...F.C","0.000000000"
"264820","522.948107","Cisco_ac:81:e8","XiaomiCo_b8:b6:e6","802.11","QoS Data","148","0.000230000","QoS Data, SN=1883, FN=0, Flags=.pm.R.F.C","0.000000000"
"264822","522.948821","Cisco_ac:81:e8","XiaomiCo_b8:b6:e6","802.11","QoS Data","1528","0.000714000","QoS Data, SN=1884, FN=0, Flags=.pm...F.C","0.000000000"
"264825","522.949062","Cisco_ac:81:e8","XiaomiCo_b8:b6:e6","802.11","QoS Data","1528","0.000241000","QoS Data, SN=1884, FN=0, Flags=.pm.R.F.C","0.000000000"
"264828","522.949785","Cisco_ac:81:e8","XiaomiCo_b8:b6:e6","802.11","QoS Data","1528","0.000723000","QoS Data, SN=1884, FN=0, Flags=.pm.R.F.C","0.000000000"
"264830","522.950181","Cisco_ac:81:e8","XiaomiCo_b8:b6:e6","802.11","QoS Data","1524","0.000396000","QoS Data, SN=1885, FN=0, Flags=.pm...F.C","0.000000000"
"264831","522.950294","Cisco_ac:81:e8","XiaomiCo_b8:b6:e6","802.11","QoS Data","594","0.000113000","QoS Data, SN=1886, FN=0, Flags=.p....F.C","0.000000000"
"264834","522.950819","Cisco_ac:81:e8","XiaomiCo_b8:b6:e6","802.11","QoS Data","1524","0.000525000","QoS Data, SN=1885, FN=0, Flags=.pm.R.F.C","0.000000000"
"264835","522.950932","Cisco_ac:81:e8","XiaomiCo_b8:b6:e6","802.11","QoS Data","594","0.000113000","QoS Data, SN=1886, FN=0, Flags=.p..R.F.C","0.000000000"
"264839","522.951509","Cisco_ac:81:e8","XiaomiCo_b8:b6:e6","802.11","QoS Data","1528","0.000577000","QoS Data, SN=1885, FN=0, Flags=.pm.R.F.C","0.000000000"
"264842","522.952261","Cisco_ac:81:e8","XiaomiCo_b8:b6:e6","802.11","QoS Data","1528","0.000752000","QoS Data, SN=1885, FN=0, Flags=.pm.R.F.C","0.000000000"
"264845","522.952673","Cisco_ac:81:e8","XiaomiCo_b8:b6:e6","802.11","QoS Data","1528","0.000412000","QoS Data, SN=1885, FN=0, Flags=.pm.R.F.C","0.000000000"
"264852","522.953791","Cisco_ac:81:e8","XiaomiCo_b8:b6:e6","802.11","QoS Data","1528","0.001118000","QoS Data, SN=1885, FN=0, Flags=.pm.R.F.C","0.000000000"
"264932","523.357829","Cisco_ac:81:e8","XiaomiCo_b8:b6:e6","802.11","QoS Data","400","0.404038000","QoS Data, SN=1887, FN=0, Flags=.p....F.C","0.000000000"
"264935","523.358031","Cisco_ac:81:e8","XiaomiCo_b8:b6:e6","802.11","QoS Data","400","0.000202000","QoS Data, SN=1887, FN=0, Flags=.p..R.F.C","0.000000000"
"265011","523.664629","Cisco_ac:81:e8","XiaomiCo_b8:b6:e6","802.11","QoS Data","487","0.306598000","QoS Data, SN=1888, FN=0, Flags=.pm...F.C","0.000000000"
"265014","523.664896","Cisco_ac:81:e8","XiaomiCo_b8:b6:e6","802.11","QoS Data","487","0.000267000","QoS Data, SN=1888, FN=0, Flags=.pm.R.F.C","0.000000000"
"265016","523.665520","Cisco_ac:81:e8","XiaomiCo_b8:b6:e6","802.11","QoS Data","176","0.000624000","QoS Data, SN=1889, FN=0, Flags=.p....F.C","0.000000000"
"266431","533.732510","Cisco_ac:81:e8","XiaomiCo_b8:b6:e6","802.11","QoS Data","154","10.066990000","QoS Data, SN=1890, FN=0, Flags=.p....F.C","0.000000000"
"266434","533.732732","Cisco_ac:81:e8","XiaomiCo_b8:b6:e6","802.11","QoS Data","154","0.000222000","QoS Data, SN=1890, FN=0, Flags=.p..R.F.C","0.000000000"
"266451","533.807388","Cisco_ac:81:e8","XiaomiCo_b8:b6:e6","802.11","QoS Data","185","0.074656000","QoS Data, SN=1891, FN=0, Flags=.p....F.C","0.000000000"
"266454","533.807652","Cisco_ac:81:e8","XiaomiCo_b8:b6:e6","802.11","QoS Data","185","0.000264000","QoS Data, SN=1891, FN=0, Flags=.p..R.F.C","0.000000000"
"269165","538.717499","Cisco_ac:81:e8","XiaomiCo_b8:b6:e6","802.11","QoS Data","173","4.909847000","QoS Data, SN=1892, FN=0, Flags=.pm...F.C","0.000000000"
"269168","538.717748","Cisco_ac:81:e8","XiaomiCo_b8:b6:e6","802.11","QoS Data","173","0.000249000","QoS Data, SN=1892, FN=0, Flags=.pm.R.F.C","0.000000000"
"269171","538.717982","Cisco_ac:81:e8","XiaomiCo_b8:b6:e6","802.11","QoS Data","173","0.000234000","QoS Data, SN=1892, FN=0, Flags=.pm.R.F.C","0.000000000"
"269174","538.718905","Cisco_ac:81:e8","XiaomiCo_b8:b6:e6","802.11","QoS Data","173","0.000923000","QoS Data, SN=1892, FN=0, Flags=.pm.R.F.C","0.000000000"
"269177","538.719138","Cisco_ac:81:e8","XiaomiCo_b8:b6:e6","802.11","QoS Data","173","0.000233000","QoS Data, SN=1892, FN=0, Flags=.pm.R.F.C","0.000000000"
"269180","538.719902","Cisco_ac:81:e8","XiaomiCo_b8:b6:e6","802.11","QoS Data","173","0.000764000","QoS Data, SN=1892, FN=0, Flags=.pm.R.F.C","0.000000000"
"269183","538.720459","Cisco_ac:81:e8","XiaomiCo_b8:b6:e6","802.11","QoS Data","173","0.000557000","QoS Data, SN=1892, FN=0, Flags=.pm.R.F.C","0.000000000"
"269186","538.720698","Cisco_ac:81:e8","XiaomiCo_b8:b6:e6","802.11","QoS Data","173","0.000239000","QoS Data, SN=1892, FN=0, Flags=.pm.R.F.C","0.000000000"
"269188","538.720800","Cisco_ac:81:e8","XiaomiCo_b8:b6:e6","802.11","QoS Data","148","0.000102000","QoS Data, SN=1893, FN=0, Flags=.p....F.C","0.000000000"
"269191","538.721003","Cisco_ac:81:e8","XiaomiCo_b8:b6:e6","802.11","QoS Data","148","0.000203000","QoS Data, SN=1893, FN=0, Flags=.p..R.F.C","0.000000000"
"269222","538.926885","Cisco_ac:81:e8","XiaomiCo_b8:b6:e6","802.11","QoS Data","148","0.205882000","QoS Data, SN=1894, FN=0, Flags=.p....F.C","0.000000000"
"269225","538.927321","Cisco_ac:81:e8","XiaomiCo_b8:b6:e6","802.11","QoS Data","148","0.000436000","QoS Data, SN=1894, FN=0, Flags=.p..R.F.C","0.000000000"
"269228","538.927906","Cisco_ac:81:e8","XiaomiCo_b8:b6:e6","802.11","QoS Data","148","0.000585000","QoS Data, SN=1894, FN=0, Flags=.p..R.F.C","0.000000000"
"269231","538.928540","Cisco_ac:81:e8","XiaomiCo_b8:b6:e6","802.11","QoS Data","148","0.000634000","QoS Data, SN=1894, FN=0, Flags=.p..R.F.C","0.000000000"
"269234","538.928767","Cisco_ac:81:e8","XiaomiCo_b8:b6:e6","802.11","QoS Data","148","0.000227000","QoS Data, SN=1894, FN=0, Flags=.p..R.F.C","0.000000000"
"276112","557.582341","Cisco_ac:81:e8","XiaomiCo_b8:b6:e6","802.11","QoS Data","154","18.653574000","QoS Data, SN=1895, FN=0, Flags=.pm...F.C","0.000000000"
"276115","557.582718","Cisco_ac:81:e8","XiaomiCo_b8:b6:e6","802.11","QoS Data","154","0.000377000","QoS Data, SN=1895, FN=0, Flags=.pm.R.F.C","0.000000000"
"276118","557.583143","Cisco_ac:81:e8","XiaomiCo_b8:b6:e6","802.11","QoS Data","154","0.000425000","QoS Data, SN=1895, FN=0, Flags=.pm.R.F.C","0.000000000"
"276125","557.585457","Cisco_ac:81:e8","XiaomiCo_b8:b6:e6","802.11","QoS Data","154","0.002314000","QoS Data, SN=1895, FN=0, Flags=.pm.R.F.C","0.000000000"
"276128","557.586197","Cisco_ac:81:e8","XiaomiCo_b8:b6:e6","802.11","QoS Data","154","0.000740000","QoS Data, SN=1895, FN=0, Flags=.pm.R.F.C","0.000000000"
"276131","557.586459","Cisco_ac:81:e8","XiaomiCo_b8:b6:e6","802.11","QoS Data","154","0.000262000","QoS Data, SN=1895, FN=0, Flags=.pm.R.F.C","0.000000000"
"276133","557.586606","Cisco_ac:81:e8","XiaomiCo_b8:b6:e6","802.11","QoS Data","180","0.000147000","QoS Data, SN=1896, FN=0, Flags=.p....F.C","0.000000000"
"276136","557.586844","Cisco_ac:81:e8","XiaomiCo_b8:b6:e6","802.11","QoS Data","180","0.000238000","QoS Data, SN=1896, FN=0, Flags=.p..R.F.C","0.000000000"
"276139","557.587018","Cisco_ac:81:e8","XiaomiCo_b8:b6:e6","802.11","QoS Data","180","0.000174000","QoS Data, SN=1896, FN=0, Flags=.p..R.F.C","0.000000000"
"276142","557.587952","Cisco_ac:81:e8","XiaomiCo_b8:b6:e6","802.11","QoS Data","180","0.000934000","QoS Data, SN=1896, FN=0, Flags=.p..R.F.C","0.000000000"
"276145","557.588190","Cisco_ac:81:e8","XiaomiCo_b8:b6:e6","802.11","QoS Data","180","0.000238000","QoS Data, SN=1896, FN=0, Flags=.p..R.F.C","0.000000000"
"276148","557.588574","Cisco_ac:81:e8","XiaomiCo_b8:b6:e6","802.11","QoS Data","180","0.000384000","QoS Data, SN=1896, FN=0, Flags=.p..R.F.C","0.000000000"
"276151","557.588934","Cisco_ac:81:e8","XiaomiCo_b8:b6:e6","802.11","QoS Data","180","0.000360000","QoS Data, SN=1896, FN=0, Flags=.p..R.F.C","0.000000000"
"276154","557.589190","Cisco_ac:81:e8","XiaomiCo_b8:b6:e6","802.11","QoS Data","180","0.000256000","QoS Data, SN=1896, FN=0, Flags=.p..R.F.C","0.000000000"
"276166","557.639417","Cisco_ac:81:e8","XiaomiCo_b8:b6:e6","802.11","QoS Data","166","0.050227000","QoS Data, SN=1897, FN=0, Flags=.p..R.F.C","0.000000000"
"277517","560.529278","Cisco_ac:81:e8","XiaomiCo_b8:b6:e6","802.11","QoS Data","165","2.889861000","QoS Data, SN=1898, FN=0, Flags=.p....F.C","0.000000000"
"277520","560.529509","Cisco_ac:81:e8","XiaomiCo_b8:b6:e6","802.11","QoS Data","165","0.000231000","QoS Data, SN=1898, FN=0, Flags=.p..R.F.C","0.000000000"
"277523","560.530071","Cisco_ac:81:e8","XiaomiCo_b8:b6:e6","802.11","QoS Data","165","0.000562000","QoS Data, SN=1898, FN=0, Flags=.p..R.F.C","0.000000000"
"279697","564.751430","Cisco_ac:81:e8","XiaomiCo_b8:b6:e6","802.11","QoS Data","154","4.221359000","QoS Data, SN=1899, FN=0, Flags=.p....F.C","0.000000000"
"279700","564.751655","Cisco_ac:81:e8","XiaomiCo_b8:b6:e6","802.11","QoS Data","154","0.000225000","QoS Data, SN=1899, FN=0, Flags=.p..R.F.C","0.000000000"
"279786","565.035770","Cisco_ac:81:e8","XiaomiCo_b8:b6:e6","802.11","QoS Data","185","0.284115000","QoS Data, SN=1900, FN=0, Flags=.p....F.C","0.000000000"
"279789","565.036019","Cisco_ac:81:e8","XiaomiCo_b8:b6:e6","802.11","QoS Data","185","0.000249000","QoS Data, SN=1900, FN=0, Flags=.p..R.F.C","0.000000000"
"293274","595.752086","Cisco_ac:81:e8","XiaomiCo_b8:b6:e6","802.11","QoS Data","154","30.716067000","QoS Data, SN=1901, FN=0, Flags=.p....F.C","0.000000000"
"293279","595.752533","Cisco_ac:81:e8","XiaomiCo_b8:b6:e6","802.11","QoS Data","154","0.000447000","QoS Data, SN=1901, FN=0, Flags=.p..R.F.C","0.000000000"
"293327","596.062148","Cisco_ac:81:e8","XiaomiCo_b8:b6:e6","802.11","QoS Data","185","0.309615000","QoS Data, SN=1902, FN=0, Flags=.p....F.C","0.000000000"
"301157","620.945581","Cisco_ac:81:e8","XiaomiCo_b8:b6:e6","802.11","QoS Data","165","24.883433000","QoS Data, SN=1903, FN=0, Flags=.p....F.C","0.000000000"
"301276","622.174341","Cisco_ac:81:e8","XiaomiCo_b8:b6:e6","802.11","QoS Data","209","1.228760000","QoS Data, SN=1904, FN=0, Flags=.p....F.C","0.000000000"
"301350","622.482033","Cisco_ac:81:e8","XiaomiCo_b8:b6:e6","802.11","QoS Data","209","0.307692000","QoS Data, SN=1905, FN=0, Flags=.p....F.C","0.000000000"
"301353","622.482311","Cisco_ac:81:e8","XiaomiCo_b8:b6:e6","802.11","QoS Data","209","0.000278000","QoS Data, SN=1905, FN=0, Flags=.p..R.F.C","0.000000000"
"303400","626.763287","Cisco_ac:81:e8","XiaomiCo_b8:b6:e6","802.11","QoS Data","154","4.280976000","QoS Data, SN=1906, FN=0, Flags=.p....F.C","0.000000000"
"303403","626.763512","Cisco_ac:81:e8","XiaomiCo_b8:b6:e6","802.11","QoS Data","154","0.000225000","QoS Data, SN=1906, FN=0, Flags=.p..R.F.C","0.000000000"
"303598","627.089589","Cisco_ac:81:e8","XiaomiCo_b8:b6:e6","802.11","QoS Data","185","0.326077000","QoS Data, SN=1907, FN=0, Flags=.p....F.C","0.000000000"
"303601","627.089972","Cisco_ac:81:e8","XiaomiCo_b8:b6:e6","802.11","QoS Data","185","0.000383000","QoS Data, SN=1907, FN=0, Flags=.p..R.F.C","0.000000000"
"303854","627.646865","Cisco_ac:81:e8","XiaomiCo_b8:b6:e6","802.11","QoS Data","1026","0.556893000","QoS Data, SN=1908, FN=0, Flags=.p....F.C","0.000000000"
"303858","627.653554","Cisco_ac:81:e8","XiaomiCo_b8:b6:e6","802.11","QoS Data","154","0.006689000","QoS Data, SN=1909, FN=0, Flags=.p....F.C","0.000000000"
"303860","627.653779","Cisco_ac:81:e8","XiaomiCo_b8:b6:e6","802.11","QoS Data","154","0.000225000","QoS Data, SN=1910, FN=0, Flags=.p....F.C","0.000000000"
"303862","627.653941","Cisco_ac:81:e8","XiaomiCo_b8:b6:e6","802.11","QoS Data","154","0.000162000","QoS Data, SN=1911, FN=0, Flags=.p....F.C","0.000000000"
"303898","627.737377","Cisco_ac:81:e8","XiaomiCo_b8:b6:e6","802.11","QoS Data","217","0.083436000","QoS Data, SN=1913, FN=0, Flags=.p....F.C","0.000000000"
"303900","627.737524","Cisco_ac:81:e8","XiaomiCo_b8:b6:e6","802.11","QoS Data","1505","0.000147000","QoS Data, SN=1914, FN=0, Flags=.p....F.C","0.000000000"
"303903","627.738124","Cisco_ac:81:e8","XiaomiCo_b8:b6:e6","802.11","QoS Data","1505","0.000600000","QoS Data, SN=1914, FN=0, Flags=.p..R.F.C","0.000000000"
"303906","627.738390","Cisco_ac:81:e8","XiaomiCo_b8:b6:e6","802.11","QoS Data","1505","0.000266000","QoS Data, SN=1914, FN=0, Flags=.p..R.F.C","0.000000000"
"303908","627.739104","Cisco_ac:81:e8","XiaomiCo_b8:b6:e6","802.11","QoS Data","1524","0.000714000","QoS Data, SN=1915, FN=0, Flags=.p....F.C","0.000000000"
"303909","627.739232","Cisco_ac:81:e8","XiaomiCo_b8:b6:e6","802.11","QoS Data","1166","0.000128000","QoS Data, SN=1916, FN=0, Flags=.p....F.C","0.000000000"
"303910","627.739385","Cisco_ac:81:e8","XiaomiCo_b8:b6:e6","802.11","QoS Data","775","0.000153000","QoS Data, SN=1917, FN=0, Flags=.p....F.C","0.000000000"
"303916","627.741396","Cisco_ac:81:e8","XiaomiCo_b8:b6:e6","802.11","QoS Data","200","0.002011000","QoS Data, SN=1918, FN=0, Flags=.p....F.C","0.000000000"
"303920","627.762843","Cisco_ac:81:e8","XiaomiCo_b8:b6:e6","802.11","QoS Data","154","0.021447000","QoS Data, SN=1919, FN=0, Flags=.p....F.C","0.000000000"
"304272","628.830339","Cisco_ac:81:e8","XiaomiCo_b8:b6:e6","802.11","QoS Data","374","1.067496000","QoS Data, SN=1921, FN=0, Flags=.pm...F.C","0.000000000"
"304334","629.139883","Cisco_ac:81:e8","XiaomiCo_b8:b6:e6","802.11","QoS Data","220","0.309544000","QoS Data, SN=1923, FN=0, Flags=.p....F.C","0.000000000"
"308898","639.162586","Cisco_ac:81:e8","XiaomiCo_b8:b6:e6","802.11","QoS Data","185","10.022703000","QoS Data, SN=1924, FN=0, Flags=.pm...F.C","0.000000000"
"308900","639.163077","Cisco_ac:81:e8","XiaomiCo_b8:b6:e6","802.11","QoS Data","426","0.000491000","QoS Data, SN=1925, FN=0, Flags=.p....F.C","0.000000000"
"308915","639.203182","Cisco_ac:81:e8","XiaomiCo_b8:b6:e6","802.11","QoS Data","162","0.040105000","QoS Data, SN=1926, FN=0, Flags=.p....F.C","0.000000000"
"308923","639.223265","Cisco_ac:81:e8","XiaomiCo_b8:b6:e6","802.11","QoS Data","154","0.020083000","QoS Data, SN=1927, FN=0, Flags=.p....F.C","0.000000000"
"308925","639.223863","Cisco_ac:81:e8","XiaomiCo_b8:b6:e6","802.11","QoS Data","366","0.000598000","QoS Data, SN=1928, FN=0, Flags=.p....F.C","0.000000000"
"308928","639.224090","Cisco_ac:81:e8","XiaomiCo_b8:b6:e6","802.11","QoS Data","366","0.000227000","QoS Data, SN=1928, FN=0, Flags=.p..R.F.C","0.000000000"
"308932","639.234183","Cisco_ac:81:e8","XiaomiCo_b8:b6:e6","802.11","QoS Data","166","0.010093000","QoS Data, SN=1929, FN=0, Flags=.p....F.C","0.000000000"
"308938","639.241436","Cisco_ac:81:e8","XiaomiCo_b8:b6:e6","802.11","QoS Data","1480","0.007253000","QoS Data, SN=1930, FN=0, Flags=.p....F.C","0.000000000"
"308949","639.259610","Cisco_ac:81:e8","XiaomiCo_b8:b6:e6","802.11","QoS Data","154","0.018174000","QoS Data, SN=1931, FN=0, Flags=.p....F.C","0.000000000"
"308953","639.266204","Cisco_ac:81:e8","XiaomiCo_b8:b6:e6","802.11","QoS Data","154","0.006594000","QoS Data, SN=1932, FN=0, Flags=.p....F.C","0.000000000"
"308956","639.266465","Cisco_ac:81:e8","XiaomiCo_b8:b6:e6","802.11","QoS Data","154","0.000261000","QoS Data, SN=1932, FN=0, Flags=.p..R.F.C","0.000000000"
"308962","639.272485","Cisco_ac:81:e8","XiaomiCo_b8:b6:e6","802.11","QoS Data","734","0.006020000","QoS Data, SN=1933, FN=0, Flags=.p....F.C","0.000000000"
"308965","639.272748","Cisco_ac:81:e8","XiaomiCo_b8:b6:e6","802.11","QoS Data","734","0.000263000","QoS Data, SN=1933, FN=0, Flags=.p..R.F.C","0.000000000"
"308971","639.277258","Cisco_ac:81:e8","XiaomiCo_b8:b6:e6","802.11","QoS Data","154","0.004510000","QoS Data, SN=1935, FN=0, Flags=.p....F.C","0.000000000"
"308973","639.277841","Cisco_ac:81:e8","XiaomiCo_b8:b6:e6","802.11","QoS Data","154","0.000583000","QoS Data, SN=1936, FN=0, Flags=.p....F.C","0.000000000"
"308979","639.294460","Cisco_ac:81:e8","XiaomiCo_b8:b6:e6","802.11","QoS Data","154","0.016619000","QoS Data, SN=1937, FN=0, Flags=.p....F.C","0.000000000"
"308981","639.295366","Cisco_ac:81:e8","XiaomiCo_b8:b6:e6","802.11","QoS Data","150","0.000906000","QoS Data, SN=1938, FN=0, Flags=.p....F.C","0.000000000"
"308984","639.295593","Cisco_ac:81:e8","XiaomiCo_b8:b6:e6","802.11","QoS Data","150","0.000227000","QoS Data, SN=1938, FN=0, Flags=.p..R.F.C","0.000000000"
"308990","639.340572","Cisco_ac:81:e8","XiaomiCo_b8:b6:e6","802.11","QoS Data","150","0.044979000","QoS Data, SN=1939, FN=0, Flags=.p....F.C","0.000000000"
"309082","639.583324","Cisco_ac:81:e8","XiaomiCo_b8:b6:e6","802.11","QoS Data","494","0.242752000","QoS Data, SN=1940, FN=0, Flags=.pm...F.C","0.000000000"
"309084","639.583874","Cisco_ac:81:e8","XiaomiCo_b8:b6:e6","802.11","QoS Data","1182","0.000550000","QoS Data, SN=1941, FN=0, Flags=.pm...F.C","0.000000000"
"309086","639.584140","Cisco_ac:81:e8","XiaomiCo_b8:b6:e6","802.11","QoS Data","181","0.000266000","QoS Data, SN=1942, FN=0, Flags=.pm...F.C","0.000000000"
"309087","639.584232","Cisco_ac:81:e8","XiaomiCo_b8:b6:e6","802.11","QoS Data","189","0.000092000","QoS Data, SN=1943, FN=0, Flags=.pm...F.C","0.000000000"
"309088","639.584285","Cisco_ac:81:e8","XiaomiCo_b8:b6:e6","802.11","QoS Data","193","0.000053000","QoS Data, SN=1944, FN=0, Flags=.p....F.C","0.000000000"
"309103","639.614669","Cisco_ac:81:e8","XiaomiCo_b8:b6:e6","802.11","QoS Data","154","0.030384000","QoS Data, SN=1945, FN=0, Flags=.p....F.C","0.000000000"
"312164","645.945067","Cisco_ac:81:e8","XiaomiCo_b8:b6:e6","802.11","QoS Data","154","6.330398000","QoS Data, SN=1946, FN=0, Flags=.p....F.C","0.000000000"
"312167","645.945288","Cisco_ac:81:e8","XiaomiCo_b8:b6:e6","802.11","QoS Data","154","0.000221000","QoS Data, SN=1946, FN=0, Flags=.p..R.F.C","0.000000000"
"312331","646.238577","Cisco_ac:81:e8","XiaomiCo_b8:b6:e6","802.11","QoS Data","253","0.293289000","QoS Data, SN=1947, FN=0, Flags=.p....F.C","0.000000000"
"312378","646.265501","Cisco_ac:81:e8","XiaomiCo_b8:b6:e6","802.11","QoS Data","154","0.026924000","QoS Data, SN=1948, FN=0, Flags=.p....F.C","0.000000000"
"313581","648.696299","Cisco_ac:81:e8","XiaomiCo_b8:b6:e6","802.11","QoS Data","166","2.430798000","QoS Data, SN=1949, FN=0, Flags=.p....F.C","0.000000000"
"318921","657.723359","Cisco_ac:81:e8","XiaomiCo_b8:b6:e6","802.11","QoS Data","154","9.027060000","QoS Data, SN=1950, FN=0, Flags=.p....F.C","0.000000000"
"318924","657.723621","Cisco_ac:81:e8","XiaomiCo_b8:b6:e6","802.11","QoS Data","154","0.000262000","QoS Data, SN=1950, FN=0, Flags=.p..R.F.C","0.000000000"
"318927","657.723882","Cisco_ac:81:e8","XiaomiCo_b8:b6:e6","802.11","QoS Data","154","0.000261000","QoS Data, SN=1950, FN=0, Flags=.p..R.F.C","0.000000000"
"318930","657.724099","Cisco_ac:81:e8","XiaomiCo_b8:b6:e6","802.11","QoS Data","154","0.000217000","QoS Data, SN=1950, FN=0, Flags=.p..R.F.C","0.000000000"
"318933","657.724968","Cisco_ac:81:e8","XiaomiCo_b8:b6:e6","802.11","QoS Data","154","0.000869000","QoS Data, SN=1950, FN=0, Flags=.p..R.F.C","0.000000000"
"318936","657.725568","Cisco_ac:81:e8","XiaomiCo_b8:b6:e6","802.11","QoS Data","154","0.000600000","QoS Data, SN=1950, FN=0, Flags=.p..R.F.C","0.000000000"
"318941","657.726498","Cisco_ac:81:e8","XiaomiCo_b8:b6:e6","802.11","QoS Data","154","0.000930000","QoS Data, SN=1950, FN=0, Flags=.p..R.F.C","0.000000000"
"318944","657.726715","Cisco_ac:81:e8","XiaomiCo_b8:b6:e6","802.11","QoS Data","154","0.000217000","QoS Data, SN=1950, FN=0, Flags=.p..R.F.C","0.000000000"
"319005","657.740651","Cisco_ac:81:e8","XiaomiCo_b8:b6:e6","802.11","QoS Data","185","0.013936000","QoS Data, SN=1951, FN=0, Flags=.p....F.C","0.000000000"
"319012","657.741121","Cisco_ac:81:e8","XiaomiCo_b8:b6:e6","802.11","QoS Data","185","0.000470000","QoS Data, SN=1951, FN=0, Flags=.p..R.F.C","0.000000000"
"319015","657.741326","Cisco_ac:81:e8","XiaomiCo_b8:b6:e6","802.11","QoS Data","185","0.000205000","QoS Data, SN=1951, FN=0, Flags=.p..R.F.C","0.000000000"
"319023","657.742604","Cisco_ac:81:e8","XiaomiCo_b8:b6:e6","802.11","QoS Data","185","0.001278000","QoS Data, SN=1951, FN=0, Flags=.p..R.F.C","0.000000000"
"319034","657.743862","Cisco_ac:81:e8","XiaomiCo_b8:b6:e6","802.11","QoS Data","185","0.001258000","QoS Data, SN=1951, FN=0, Flags=.p..R.F.C","0.000000000"
"319038","657.748456","Cisco_ac:81:e8","XiaomiCo_b8:b6:e6","802.11","QoS Data","185","0.004594000","QoS Data, SN=1951, FN=0, Flags=.p..R.F.C","0.000000000"
"319041","657.749247","Cisco_ac:81:e8","XiaomiCo_b8:b6:e6","802.11","QoS Data","185","0.000791000","QoS Data, SN=1951, FN=0, Flags=.p..R.F.C","0.000000000"
"319044","657.749479","Cisco_ac:81:e8","XiaomiCo_b8:b6:e6","802.11","QoS Data","185","0.000232000","QoS Data, SN=1951, FN=0, Flags=.p..R.F.C","0.000000000"
"321663","660.382389","Cisco_ac:81:e8","XiaomiCo_b8:b6:e6","802.11","QoS Data","154","2.632910000","QoS Data, SN=1952, FN=0, Flags=.p..R.F.C","0.000000000"
"321677","660.397826","Cisco_ac:81:e8","XiaomiCo_b8:b6:e6","802.11","QoS Data","154","0.015437000","QoS Data, SN=1953, FN=0, Flags=.p....F.C","0.000000000"
"321694","660.403337","Cisco_ac:81:e8","XiaomiCo_b8:b6:e6","802.11","QoS Data","154","0.005511000","QoS Data, SN=1953, FN=0, Flags=.p..R.F.C","0.000000000"
"321697","660.403678","Cisco_ac:81:e8","XiaomiCo_b8:b6:e6","802.11","QoS Data","154","0.000341000","QoS Data, SN=1953, FN=0, Flags=.p..R.F.C","0.000000000"
"321699","660.403830","Cisco_ac:81:e8","XiaomiCo_b8:b6:e6","802.11","QoS Data","209","0.000152000","QoS Data, SN=1954, FN=0, Flags=.p....F.C","0.000000000"
"321702","660.404059","Cisco_ac:81:e8","XiaomiCo_b8:b6:e6","802.11","QoS Data","209","0.000229000","QoS Data, SN=1954, FN=0, Flags=.p..R.F.C","0.000000000"
"321710","660.408325","Cisco_ac:81:e8","XiaomiCo_b8:b6:e6","802.11","QoS Data","150","0.004266000","QoS Data, SN=1955, FN=0, Flags=.p....F.C","0.000000000"
"321711","660.408419","Cisco_ac:81:e8","XiaomiCo_b8:b6:e6","802.11","QoS Data","154","0.000094000","QoS Data, SN=1956, FN=0, Flags=.p....F.C","0.000000000"
"321714","660.408772","Cisco_ac:81:e8","XiaomiCo_b8:b6:e6","802.11","QoS Data","150","0.000353000","QoS Data, SN=1955, FN=0, Flags=.p..R.F.C","0.000000000"
"321715","660.408888","Cisco_ac:81:e8","XiaomiCo_b8:b6:e6","802.11","QoS Data","154","0.000116000","QoS Data, SN=1956, FN=0, Flags=.p..R.F.C","0.000000000"
"321779","660.444655","Cisco_ac:81:e8","XiaomiCo_b8:b6:e6","802.11","QoS Data","241","0.035767000","QoS Data, SN=1957, FN=0, Flags=.p....F.C","0.000000000"
"321782","660.444874","Cisco_ac:81:e8","XiaomiCo_b8:b6:e6","802.11","QoS Data","241","0.000219000","QoS Data, SN=1957, FN=0, Flags=.p..R.F.C","0.000000000"
"321784","660.445057","Cisco_ac:81:e8","XiaomiCo_b8:b6:e6","802.11","QoS Data","1528","0.000183000","QoS Data, SN=1958, FN=0, Flags=.p....F.C","0.000000000"
"321788","660.447654","Cisco_ac:81:e8","XiaomiCo_b8:b6:e6","802.11","QoS Data","1528","0.002597000","QoS Data, SN=1958, FN=0, Flags=.p..R.F.C","0.000000000"
"321791","660.448559","Cisco_ac:81:e8","XiaomiCo_b8:b6:e6","802.11","QoS Data","1528","0.000905000","QoS Data, SN=1958, FN=0, Flags=.p..R.F.C","0.000000000"
"321793","660.448732","Cisco_ac:81:e8","XiaomiCo_b8:b6:e6","802.11","QoS Data","1524","0.000173000","QoS Data, SN=1959, FN=0, Flags=.p....F.C","0.000000000"
"321794","660.448863","Cisco_ac:81:e8","XiaomiCo_b8:b6:e6","802.11","QoS Data","1212","0.000131000","QoS Data, SN=1960, FN=0, Flags=.p....F.C","0.000000000"
"321797","660.449502","Cisco_ac:81:e8","XiaomiCo_b8:b6:e6","802.11","QoS Data","1524","0.000639000","QoS Data, SN=1959, FN=0, Flags=.p..R.F.C","0.000000000"
"321798","660.449610","Cisco_ac:81:e8","XiaomiCo_b8:b6:e6","802.11","QoS Data","1212","0.000108000","QoS Data, SN=1960, FN=0, Flags=.p..R.F.C","0.000000000"
"321800","660.449792","Cisco_ac:81:e8","XiaomiCo_b8:b6:e6","802.11","QoS Data","870","0.000182000","QoS Data, SN=1961, FN=0, Flags=.p....F.C","0.000000000"
"321803","660.450182","Cisco_ac:81:e8","XiaomiCo_b8:b6:e6","802.11","QoS Data","866","0.000390000","QoS Data, SN=1961, FN=0, Flags=.p..R.F.C","0.000000000"
"321804","660.450338","Cisco_ac:81:e8","XiaomiCo_b8:b6:e6","802.11","QoS Data","286","0.000156000","QoS Data, SN=1962, FN=0, Flags=.p..R.F.C","0.000000000"
"321805","660.450434","Cisco_ac:81:e8","XiaomiCo_b8:b6:e6","802.11","QoS Data","200","0.000096000","QoS Data, SN=1963, FN=0, Flags=.p..R.F.C","0.000000000"
"321807","660.450908","Cisco_ac:81:e8","XiaomiCo_b8:b6:e6","802.11","QoS Data","1528","0.000474000","QoS Data, SN=1959, FN=0, Flags=.p..R.F.C","0.000000000"
"321810","660.451164","Cisco_ac:81:e8","XiaomiCo_b8:b6:e6","802.11","QoS Data","1528","0.000256000","QoS Data, SN=1959, FN=0, Flags=.p..R.F.C","0.000000000"
"321813","660.452029","Cisco_ac:81:e8","XiaomiCo_b8:b6:e6","802.11","QoS Data","1528","0.000865000","QoS Data, SN=1959, FN=0, Flags=.p..R.F.C","0.000000000"
"321827","660.462953","Cisco_ac:81:e8","XiaomiCo_b8:b6:e6","802.11","QoS Data","209","0.010924000","QoS Data, SN=1964, FN=0, Flags=.p....F.C","0.000000000"
"321830","660.463273","Cisco_ac:81:e8","XiaomiCo_b8:b6:e6","802.11","QoS Data","209","0.000320000","QoS Data, SN=1964, FN=0, Flags=.p..R.F.C","0.000000000"
"321858","660.483241","Cisco_ac:81:e8","XiaomiCo_b8:b6:e6","802.11","QoS Data","154","0.019968000","QoS Data, SN=1965, FN=0, Flags=.p..R.F.C","0.000000000"
"338155","680.338193","Cisco_ac:81:e8","XiaomiCo_b8:b6:e6","802.11","QoS Data","165","19.854952000","QoS Data, SN=1966, FN=0, Flags=.p....F.C","0.000000000"
